{
    "$schema": "https://schema.management.azure.com/schemas/2019-04-01/deploymentTemplate.json#",
    "contentVersion": "1.0.0.0",
    "parameters": {
        "ddosProtectionPlans_ddos_protection_plan_name": {
            "defaultValue": "ddos-protection-plan",
            "type": "String"
        },
        "virtualNetworks_N_tier_vnet_externalid": {
            "defaultValue": "/subscriptions/4de00a71-c650-4bea-b844-d170c82f70c7/resourceGroups/N-tier-RG/providers/Microsoft.Network/virtualNetworks/N-tier_vnet",
            "type": "String"
        }
    },
    "variables": {},
    "resources": [
        {
            "type": "Microsoft.Network/ddosProtectionPlans",
            "apiVersion": "2020-11-01",
            "name": "[parameters('ddosProtectionPlans_ddos_protection_plan_name')]",
            "location": "swedencentral",
            "properties": {
                "provisioningState": "Succeeded",
                "virtualNetworks": [
                    {
                        "id": "[parameters('virtualNetworks_N_tier_vnet_externalid')]"
                    }
                ]
            }
        }
    ]
}