{
    "$schema": "https://schema.management.azure.com/schemas/2015-01-01/deploymentParameters.json#",
    "contentVersion": "1.0.0.0",
    "parameters": {
        "virtualMachines_web_vm2_name": {
            "value": null
        },
        "disks_web_vm2_OsDisk_1_ed65ed81f4be43ff94c9efe6d5bde556_externalid": {
            "value": null
        },
        "disks_web_vm1_DataDisk_0_externalid": {
            "value": null
        },
        "networkInterfaces_web_vm2219_externalid": {
            "value": null
        }
    }
}