{
    "$schema": "https://schema.management.azure.com/schemas/2019-04-01/deploymentTemplate.json#",
    "contentVersion": "1.0.0.0",
    "parameters": {
        "dnszones_myapp_se_name": {
            "defaultValue": "myapp.se",
            "type": "String"
        }
    },
    "variables": {},
    "resources": [
        {
            "type": "Microsoft.Network/dnszones",
            "apiVersion": "2018-05-01",
            "name": "[parameters('dnszones_myapp_se_name')]",
            "location": "global",
            "properties": {
                "zoneType": "Public"
            }
        },
        {
            "type": "Microsoft.Network/dnszones/A",
            "apiVersion": "2018-05-01",
            "name": "[concat(parameters('dnszones_myapp_se_name'), '/web-vm1')]",
            "dependsOn": [
                "[resourceId('Microsoft.Network/dnszones', parameters('dnszones_myapp_se_name'))]"
            ],
            "properties": {
                "TTL": 3600,
                "ARecords": [
                    {
                        "ipv4Address": "192.169.0.4"
                    }
                ],
                "targetResource": {}
            }
        },
        {
            "type": "Microsoft.Network/dnszones/A",
            "apiVersion": "2018-05-01",
            "name": "[concat(parameters('dnszones_myapp_se_name'), '/web-vm2')]",
            "dependsOn": [
                "[resourceId('Microsoft.Network/dnszones', parameters('dnszones_myapp_se_name'))]"
            ],
            "properties": {
                "TTL": 3600,
                "ARecords": [
                    {
                        "ipv4Address": "182.168.0.5"
                    }
                ],
                "targetResource": {}
            }
        },
        {
            "type": "Microsoft.Network/dnszones/NS",
            "apiVersion": "2018-05-01",
            "name": "[concat(parameters('dnszones_myapp_se_name'), '/@')]",
            "dependsOn": [
                "[resourceId('Microsoft.Network/dnszones', parameters('dnszones_myapp_se_name'))]"
            ],
            "properties": {
                "TTL": 172800,
                "NSRecords": [
                    {
                        "nsdname": "ns1-07.azure-dns.com."
                    },
                    {
                        "nsdname": "ns2-07.azure-dns.net."
                    },
                    {
                        "nsdname": "ns3-07.azure-dns.org."
                    },
                    {
                        "nsdname": "ns4-07.azure-dns.info."
                    }
                ],
                "targetResource": {}
            }
        },
        {
            "type": "Microsoft.Network/dnszones/SOA",
            "apiVersion": "2018-05-01",
            "name": "[concat(parameters('dnszones_myapp_se_name'), '/@')]",
            "dependsOn": [
                "[resourceId('Microsoft.Network/dnszones', parameters('dnszones_myapp_se_name'))]"
            ],
            "properties": {
                "TTL": 3600,
                "SOARecord": {
                    "email": "azuredns-hostmaster.microsoft.com",
                    "expireTime": 2419200,
                    "host": "ns1-07.azure-dns.com.",
                    "minimumTTL": 300,
                    "refreshTime": 3600,
                    "retryTime": 300,
                    "serialNumber": 1
                },
                "targetResource": {}
            }
        }
    ]
}