{
    "$schema": "https://schema.management.azure.com/schemas/2019-04-01/deploymentTemplate.json#",
    "contentVersion": "1.0.0.0",
    "parameters": {
        "firewallPolicies_standar_name": {
            "defaultValue": "standar",
            "type": "String"
        }
    },
    "variables": {},
    "resources": [
        {
            "type": "Microsoft.Network/firewallPolicies",
            "apiVersion": "2020-11-01",
            "name": "[parameters('firewallPolicies_standar_name')]",
            "location": "swedencentral",
            "properties": {
                "sku": {
                    "tier": "Standard"
                },
                "threatIntelMode": "Alert"
            }
        }
    ]
}