{
    "$schema": "https://schema.management.azure.com/schemas/2019-04-01/deploymentTemplate.json#",
    "contentVersion": "1.0.0.0",
    "parameters": {
        "networkInterfaces_web_vm1818_name": {
            "defaultValue": "web-vm1818",
            "type": "String"
        },
        "publicIPAddresses_we_vm1_pip_externalid": {
            "defaultValue": "/subscriptions/4de00a71-c650-4bea-b844-d170c82f70c7/resourceGroups/N-tier-RG/providers/Microsoft.Network/publicIPAddresses/we-vm1-pip",
            "type": "String"
        },
        "virtualNetworks_N_tier_vnet_externalid": {
            "defaultValue": "/subscriptions/4de00a71-c650-4bea-b844-d170c82f70c7/resourceGroups/N-tier-RG/providers/Microsoft.Network/virtualNetworks/N-tier_vnet",
            "type": "String"
        },
        "applicationGateways_appGatw_externalid": {
            "defaultValue": "/subscriptions/4de00a71-c650-4bea-b844-d170c82f70c7/resourceGroups/N-tier-RG/providers/Microsoft.Network/applicationGateways/appGatw",
            "type": "String"
        },
        "networkSecurityGroups_web_tier_Nsg_externalid": {
            "defaultValue": "/subscriptions/4de00a71-c650-4bea-b844-d170c82f70c7/resourceGroups/N-tier-RG/providers/Microsoft.Network/networkSecurityGroups/web-tier-Nsg",
            "type": "String"
        }
    },
    "variables": {},
    "resources": [
        {
            "type": "Microsoft.Network/networkInterfaces",
            "apiVersion": "2020-11-01",
            "name": "[parameters('networkInterfaces_web_vm1818_name')]",
            "location": "swedencentral",
            "properties": {
                "ipConfigurations": [
                    {
                        "name": "ipconfig1",
                        "properties": {
                            "privateIPAddress": "192.168.0.4",
                            "privateIPAllocationMethod": "Dynamic",
                            "publicIPAddress": {
                                "id": "[parameters('publicIPAddresses_we_vm1_pip_externalid')]"
                            },
                            "subnet": {
                                "id": "[concat(parameters('virtualNetworks_N_tier_vnet_externalid'), '/subnets/Web-tier')]"
                            },
                            "primary": true,
                            "privateIPAddressVersion": "IPv4",
                            "applicationGatewayBackendAddressPools": [
                                {
                                    "id": "[concat(parameters('applicationGateways_appGatw_externalid'), '/backendAddressPools/app-gat-backned')]"
                                }
                            ]
                        }
                    }
                ],
                "dnsSettings": {
                    "dnsServers": []
                },
                "enableAcceleratedNetworking": false,
                "enableIPForwarding": false,
                "networkSecurityGroup": {
                    "id": "[parameters('networkSecurityGroups_web_tier_Nsg_externalid')]"
                }
            }
        }
    ]
}