{
    "$schema": "https://schema.management.azure.com/schemas/2015-01-01/deploymentParameters.json#",
    "contentVersion": "1.0.0.0",
    "parameters": {
        "virtualMachines_Business_vm1_name": {
            "value": null
        },
        "disks_Business_vm1_OsDisk_1_cddf37ef8951441a86303fd1eba17d0e_externalid": {
            "value": null
        },
        "disks_Business_vm1_DataDisk_0_externalid": {
            "value": null
        },
        "networkInterfaces_business_vm1490_externalid": {
            "value": null
        }
    }
}