{
    "$schema": "https://schema.management.azure.com/schemas/2019-04-01/deploymentTemplate.json#",
    "contentVersion": "1.0.0.0",
    "parameters": {
        "virtualMachines_data_vm1_name": {
            "defaultValue": "data-vm1",
            "type": "String"
        },
        "disks_data_vm1_OsDisk_1_39d195f840eb4946aeac947a409be26c_externalid": {
            "defaultValue": "/subscriptions/4de00a71-c650-4bea-b844-d170c82f70c7/resourceGroups/N-TIER-RG/providers/Microsoft.Compute/disks/data-vm1_OsDisk_1_39d195f840eb4946aeac947a409be26c",
            "type": "String"
        },
        "disks_data_vm1_DataDisk_0_externalid": {
            "defaultValue": "/subscriptions/4de00a71-c650-4bea-b844-d170c82f70c7/resourceGroups/N-tier-RG/providers/Microsoft.Compute/disks/data-vm1_DataDisk_0",
            "type": "String"
        },
        "disks_data_vm1_DataDisk_1_externalid": {
            "defaultValue": "/subscriptions/4de00a71-c650-4bea-b844-d170c82f70c7/resourceGroups/N-tier-RG/providers/Microsoft.Compute/disks/data-vm1_DataDisk_1",
            "type": "String"
        },
        "networkInterfaces_data_vm1908_externalid": {
            "defaultValue": "/subscriptions/4de00a71-c650-4bea-b844-d170c82f70c7/resourceGroups/N-tier-RG/providers/Microsoft.Network/networkInterfaces/data-vm1908",
            "type": "String"
        }
    },
    "variables": {},
    "resources": [
        {
            "type": "Microsoft.Compute/virtualMachines",
            "apiVersion": "2022-03-01",
            "name": "[parameters('virtualMachines_data_vm1_name')]",
            "location": "swedencentral",
            "properties": {
                "hardwareProfile": {
                    "vmSize": "Standard_B2s"
                },
                "storageProfile": {
                    "imageReference": {
                        "publisher": "MicrosoftSQLServer",
                        "offer": "SQL2017-WS2016",
                        "sku": "sqldev-gen2",
                        "version": "latest"
                    },
                    "osDisk": {
                        "osType": "Windows",
                        "name": "[concat(parameters('virtualMachines_data_vm1_name'), '_OsDisk_1_39d195f840eb4946aeac947a409be26c')]",
                        "createOption": "FromImage",
                        "caching": "ReadWrite",
                        "managedDisk": {
                            "storageAccountType": "Premium_LRS",
                            "id": "[parameters('disks_data_vm1_OsDisk_1_39d195f840eb4946aeac947a409be26c_externalid')]"
                        },
                        "deleteOption": "Delete",
                        "diskSizeGB": 127
                    },
                    "dataDisks": [
                        {
                            "lun": 0,
                            "name": "[concat(parameters('virtualMachines_data_vm1_name'), '_DataDisk_0')]",
                            "createOption": "Attach",
                            "caching": "ReadOnly",
                            "writeAcceleratorEnabled": false,
                            "managedDisk": {
                                "storageAccountType": "Premium_LRS",
                                "id": "[parameters('disks_data_vm1_DataDisk_0_externalid')]"
                            },
                            "deleteOption": "Detach",
                            "diskSizeGB": 1024,
                            "toBeDetached": false
                        },
                        {
                            "lun": 1,
                            "name": "[concat(parameters('virtualMachines_data_vm1_name'), '_DataDisk_1')]",
                            "createOption": "Attach",
                            "caching": "None",
                            "writeAcceleratorEnabled": false,
                            "managedDisk": {
                                "storageAccountType": "Premium_LRS",
                                "id": "[parameters('disks_data_vm1_DataDisk_1_externalid')]"
                            },
                            "deleteOption": "Detach",
                            "diskSizeGB": 1024,
                            "toBeDetached": false
                        }
                    ]
                },
                "osProfile": {
                    "computerName": "[parameters('virtualMachines_data_vm1_name')]",
                    "adminUsername": "data-vm",
                    "windowsConfiguration": {
                        "provisionVMAgent": true,
                        "enableAutomaticUpdates": true,
                        "patchSettings": {
                            "patchMode": "AutomaticByOS",
                            "assessmentMode": "ImageDefault",
                            "enableHotpatching": false
                        }
                    },
                    "secrets": [],
                    "allowExtensionOperations": true,
                    "requireGuestProvisionSignal": true
                },
                "networkProfile": {
                    "networkInterfaces": [
                        {
                            "id": "[parameters('networkInterfaces_data_vm1908_externalid')]",
                            "properties": {
                                "deleteOption": "Detach"
                            }
                        }
                    ]
                },
                "diagnosticsProfile": {
                    "bootDiagnostics": {
                        "enabled": true
                    }
                }
            }
        }
    ]
}