{
    "$schema": "https://schema.management.azure.com/schemas/2015-01-01/deploymentParameters.json#",
    "contentVersion": "1.0.0.0",
    "parameters": {
        "virtualMachines_Business_vm2_name": {
            "value": null
        },
        "disks_Business_vm2_OsDisk_1_0a110c2b3fd64dc0b1158bc0467a6016_externalid": {
            "value": null
        },
        "disks_web_vm1_DataDisk_0_externalid": {
            "value": null
        },
        "networkInterfaces_business_vm2424_externalid": {
            "value": null
        }
    }
}