{
    "$schema": "https://schema.management.azure.com/schemas/2019-04-01/deploymentTemplate.json#",
    "contentVersion": "1.0.0.0",
    "parameters": {
        "networkInterfaces_business_vm1490_name": {
            "defaultValue": "business-vm1490",
            "type": "String"
        },
        "publicIPAddresses_Business_vm1_ip_externalid": {
            "defaultValue": "/subscriptions/4de00a71-c650-4bea-b844-d170c82f70c7/resourceGroups/N-tier-RG/providers/Microsoft.Network/publicIPAddresses/Business-vm1-ip",
            "type": "String"
        },
        "virtualNetworks_N_tier_vnet_externalid": {
            "defaultValue": "/subscriptions/4de00a71-c650-4bea-b844-d170c82f70c7/resourceGroups/N-tier-RG/providers/Microsoft.Network/virtualNetworks/N-tier_vnet",
            "type": "String"
        },
        "loadBalancers_Business_loadBalancer_externalid": {
            "defaultValue": "/subscriptions/4de00a71-c650-4bea-b844-d170c82f70c7/resourceGroups/N-tier-RG/providers/Microsoft.Network/loadBalancers/Business_loadBalancer",
            "type": "String"
        },
        "networkSecurityGroups_Business_tier_Nsg_externalid": {
            "defaultValue": "/subscriptions/4de00a71-c650-4bea-b844-d170c82f70c7/resourceGroups/N-tier-RG/providers/Microsoft.Network/networkSecurityGroups/Business-tier-Nsg",
            "type": "String"
        }
    },
    "variables": {},
    "resources": [
        {
            "type": "Microsoft.Network/networkInterfaces",
            "apiVersion": "2020-11-01",
            "name": "[parameters('networkInterfaces_business_vm1490_name')]",
            "location": "swedencentral",
            "properties": {
                "ipConfigurations": [
                    {
                        "name": "ipconfig1",
                        "properties": {
                            "privateIPAddress": "192.168.64.4",
                            "privateIPAllocationMethod": "Static",
                            "publicIPAddress": {
                                "id": "[parameters('publicIPAddresses_Business_vm1_ip_externalid')]"
                            },
                            "subnet": {
                                "id": "[concat(parameters('virtualNetworks_N_tier_vnet_externalid'), '/subnets/Business-tier')]"
                            },
                            "primary": true,
                            "privateIPAddressVersion": "IPv4",
                            "loadBalancerBackendAddressPools": [
                                {
                                    "id": "[concat(parameters('loadBalancers_Business_loadBalancer_externalid'), '/backendAddressPools/Bus_LB_Backend')]"
                                }
                            ]
                        }
                    }
                ],
                "dnsSettings": {
                    "dnsServers": []
                },
                "enableAcceleratedNetworking": false,
                "enableIPForwarding": false,
                "networkSecurityGroup": {
                    "id": "[parameters('networkSecurityGroups_Business_tier_Nsg_externalid')]"
                }
            }
        }
    ]
}